<?xml version="1.0" encoding="utf-8"?>
<ctRoot>>
	<client id="1" name="Lakeshia Jorgensen Denise Seely" personnelNumber="AS2JF22O5MD8SZ6Q" addressId="5" />
	<client id="2" name="Evia Rousseau Helga Adame" personnelNumber="DVQZQP2X748M3D5U" addressId="2" />
	<client id="3" name="Sharita Thiel Vida Hatley" personnelNumber="ALLDQFBVME5U08KO" addressId="3" />
	<client id="4" name="Katy Mccants Hugh Elizondo" personnelNumber="2CZ5VDZ15YYVV7QD" addressId="4" />
	<client id="5" name="Claretha Batiste Letty Mckeown" personnelNumber="6UNQOR44C2HU94V5" addressId="9" />
	<client id="6" name="Lon Nielsen Cassondra Singh" personnelNumber="DVEG34AESUGEZEFQ" addressId="15" />
	<client id="7" name="Del Clemente Caleb Harden" personnelNumber="QYE1RJO1CNXO18Y4" addressId="7" />
	<client id="8" name="Dia Cohen Fred Jankowski-Kimbrell" personnelNumber="UGKFB50K6P3I0RO2" addressId="8" />
	<client id="9" name="Granville Noel Kathyrn Mcmillian" personnelNumber="D5GRMGL89Z8O9OPL" addressId="9" />
	<client id="10" name="Yvonne Shannon Kenda Dabney" personnelNumber="UM8MG7KMZY3Z2954" addressId="10" />
	<client id="11" name="Iona Speer Karlyn Chiu" personnelNumber="PUI5EH1VZ3AO6L1B" addressId="11" />
	<client id="12" name="Rolland Luciano Alla Allard" personnelNumber="2JSZFLXITJ4YR7R8" addressId="14" />
	<client id="13" name="Chrystal Sherry Maud Shafer" personnelNumber="HQE44F6YUAA3I2E3" addressId="15" />
	<client id="14" name="Agustina Mahon Sheron Simpkins" personnelNumber="MQPBU9OJBXBNVRH4" addressId="12" />
	<client id="15" name="Kena Bisson Danille Guest" personnelNumber="A07MTRZILMEY81XP" addressId="12" />
	<client id="16" name="Sandi Bauer Yasuko Freeland" personnelNumber="81SKMKQNTN26U7PN" addressId="13" />
	<client id="17" name="Gussie Stout Lola Gillen" personnelNumber="055E8TP0KUJUZ5BM" addressId="3" />
	<client id="18" name="Greg Bolling Tressa Ashford" personnelNumber="NYA3DANY2Q0NHI40" addressId="1" />
	<client id="19" name="Alonso Steffen Maybell Jacobson" personnelNumber="B39MXZYUFMZ2F92Z" addressId="2" />
	<client id="20" name="Cindy Hailey Aimee Grady" personnelNumber="H0IQKG27X1L46LTZ" addressId="8" />
	<client id="21" name="Kena Bisson Danille Guest" personnelNumber="A07MTRZILMEY81XP" addressId="12" />
</ctRoot>